{
    "train_losses": [
        1.4487336937375244,
        0.828595329294701,
        0.66456721133964,
        0.547039100192776,
        0.4821488354581997,
        0.42724491412630705,
        0.3908978406899915,
        0.372349055822225,
        0.3252272509422116,
        0.31767510426110057,
        0.29316070954627865,
        0.2921753929822746,
        0.26038064376285025,
        0.2688743048363003,
        0.2628012749813559,
        0.23117891138934935,
        0.26090948769986705,
        0.2198883645470612,
        0.23229979462447192,
        0.20116342747500704
    ],
    "val_losses": [
        0.7000450584689424,
        0.548040547191535,
        0.5578085061001589,
        0.33535402136153936,
        0.3499952120005517,
        0.3898283169189583,
        0.27550468324801675,
        0.28260921354190827,
        0.33713340291526966,
        0.24531193371859378,
        0.2913630625278285,
        0.2584094611853082,
        0.23072459251230124,
        0.21693952886957069,
        0.3443186777545955,
        0.2838385166368444,
        0.18550743034687414,
        0.24887422157527678,
        0.21201044582191023,
        0.20667083473609313
    ],
    "train_accuracies": [
        53.52346670358577,
        73.0928976879413,
        78.32618025751073,
        82.20960819604042,
        84.30707462273294,
        86.23148276339471,
        87.50519174858093,
        87.899764640731,
        89.58881351239097,
        89.69264848400941,
        90.53025058839818,
        90.93174581198947,
        91.76934791637824,
        91.49937699017029,
        91.49937699017029,
        92.4892703862661,
        92.05316350546865,
        92.70386266094421,
        92.94614426138723,
        93.53454243389173
    ],
    "val_accuracies": [
        76.45348837209302,
        83.33333333333333,
        81.71834625322997,
        89.63178294573643,
        89.53488372093024,
        88.43669250645995,
        91.86046511627907,
        91.76356589147287,
        90.37467700258398,
        93.37855297157623,
        92.15116279069767,
        93.08785529715762,
        93.66925064599484,
        93.76614987080103,
        91.47286821705427,
        92.86175710594316,
        94.99354005167959,
        93.7015503875969,
        94.12144702842377,
        94.70284237726098
    ]
}